﻿<parameters>
  <parameter name="IIS Web Application Name" defaultValue="ContosoWebApp" tags="IisApp">
    <parameterEntry kind="ProviderPath" scope="IisApp" match="^C:\\Users\\AztdUser\\Documents\\AzureTestDrive\\samples\\contoso_webapp\\src\\obj\\Release\\Package\\PackageTmp$" />
    <parameterEntry kind="ProviderPath" scope="setAcl" match="^C:\\Users\\AztdUser\\Documents\\AzureTestDrive\\samples\\contoso_webapp\\src\\obj\\Release\\Package\\PackageTmp$" />
  </parameter>
  <parameter name="UserName" description="N/A" defaultValue="">
    <parameterEntry kind="XmlFile" scope="obj\\Release\\Package\\PackageTmp\\Web\.config$" match="//appSettings/add[@key='UserName']/@value" />
  </parameter>
  <parameter name="Password" description="N/A" defaultValue="">
    <parameterEntry kind="XmlFile" scope="obj\\Release\\Package\\PackageTmp\\Web\.config$" match="//appSettings/add[@key='Password']/@value" />
  </parameter>
</parameters>